,created_at,id,text
0,2022-01-19T14:59:39.000Z,1483816430109868036,"first time i got it in two guesses ğŸ™Œ

Wordle 214 2/6

â¬›â¬›â¬›â¬›ğŸŸ©
ğŸŸ©ğŸŸ©ğŸŸ©ğŸŸ©ğŸŸ©"
1,2022-01-19T14:59:39.000Z,1483816430093090818,"Wordle 214 3/6*

â¬›â¬›â¬›ğŸŸ¨â¬›
ğŸŸ¨â¬›â¬›ğŸŸ©â¬›
ğŸŸ©ğŸŸ©ğŸŸ©ğŸŸ©ğŸŸ©"
2,2022-01-19T14:59:39.000Z,1483816429023645696,"Wordle 214 5/6

â¬›â¬›ğŸŸ¨â¬›â¬›
â¬›â¬›ğŸŸ©ğŸŸ©â¬›
ğŸŸ¨â¬›ğŸŸ©ğŸŸ©â¬›
â¬›â¬›ğŸŸ©ğŸŸ©ğŸŸ©
ğŸŸ©ğŸŸ©ğŸŸ©ğŸŸ©ğŸŸ©

idk i like going step by step like a good detective ğŸ§"
3,2022-01-19T14:59:39.000Z,1483816428839084035,"https://t.co/YGOfh12DAX
Wordle 214 4/6

â¬›â¬›ğŸŸ¨â¬›ğŸŸ¨
ğŸŸ¨â¬›â¬›ğŸŸ©â¬›
â¬›ğŸŸ©ğŸŸ©ğŸŸ©â¬›
ğŸŸ©ğŸŸ©ğŸŸ©ğŸŸ©ğŸŸ©

JUST GOT THE FUCKING GERMAN WORDLE"
4,2022-01-19T14:59:39.000Z,1483816428004331522,"Wordle 214 2/6 -- Got lucky today!

â¬œâ¬œğŸŸ©â¬œâ¬œ
ğŸŸ©ğŸŸ©ğŸŸ©ğŸŸ©ğŸŸ©"
5,2022-01-19T14:59:39.000Z,1483816427903717376,"Wordle 214 3/6

â¬œğŸŸ¨â¬œâ¬œâ¬œ
â¬œğŸŸ©â¬œğŸŸ©ğŸŸ©
ğŸŸ©ğŸŸ©ğŸŸ©ğŸŸ©ğŸŸ©

ok, now what are my other goals today?"
6,2022-01-19T14:59:38.000Z,1483816426460700674,"Wordle 214 3/6

â¬›â¬›ğŸŸ¨â¬›â¬›
â¬›ğŸŸ©â¬›ğŸŸ©â¬›
ğŸŸ©ğŸŸ©ğŸŸ©ğŸŸ©ğŸŸ©"
7,2022-01-19T14:59:38.000Z,1483816425944985612,"Wordle 214 4/6

â¬œâ¬œğŸŸ¨ğŸŸ¨â¬œ
â¬œâ¬œâ¬œğŸŸ¨ğŸŸ¨
ğŸŸ©ğŸŸ©ğŸŸ¨ğŸŸ¨ğŸŸ¨
ğŸŸ©ğŸŸ©ğŸŸ©ğŸŸ©ğŸŸ©"
8,2022-01-19T14:59:38.000Z,1483816425332559877,"Wordle 214 4/6

â¬œâ¬œğŸŸ©â¬œâ¬œ
â¬œğŸŸ©ğŸŸ©â¬œâ¬œ
â¬œğŸŸ©ğŸŸ©â¬œğŸŸ©
ğŸŸ©ğŸŸ©ğŸŸ©ğŸŸ©ğŸŸ©"
9,2022-01-19T14:59:38.000Z,1483816423604502528,"Wordle 214 2/6

â¬›ğŸŸ©â¬›â¬›â¬›
ğŸŸ©ğŸŸ©ğŸŸ©ğŸŸ©ğŸŸ©

winner"
10,2022-01-19T14:59:37.000Z,1483816422484717573,"Wordle 214 4/6

ğŸŸ¨â¬œâ¬œğŸŸ¨ğŸŸ¨
ğŸŸ¨ğŸŸ¨â¬œâ¬œğŸŸ©
ğŸŸ¨ğŸŸ¨ğŸŸ¨â¬œğŸŸ©
ğŸŸ©ğŸŸ©ğŸŸ©ğŸŸ©ğŸŸ©"
11,2022-01-19T14:59:37.000Z,1483816420416839686,"Wordle 214 3/6

â¬œğŸŸ©â¬œğŸŸ¨â¬œ
ğŸŸ¨ğŸŸ©ğŸŸ©â¬œâ¬œ
ğŸŸ©ğŸŸ©ğŸŸ©ğŸŸ©ğŸŸ©"
12,2022-01-19T14:59:37.000Z,1483816419686944770,"A little easier today.  Wordle 214 3/6

â¬›â¬›â¬›â¬›ğŸŸ©
â¬›ğŸŸ©ğŸŸ©â¬›ğŸŸ©
ğŸŸ©ğŸŸ©ğŸŸ©ğŸŸ©ğŸŸ©"
13,2022-01-19T14:59:37.000Z,1483816419670122496,"Fine.  Iâ€™ll try it.  

Wordle 214 3/6

â¬œğŸŸ©â¬œâ¬œâ¬œ
â¬œğŸŸ©â¬œğŸŸ©ğŸŸ©
ğŸŸ©ğŸŸ©ğŸŸ©ğŸŸ©ğŸŸ©"
14,2022-01-19T14:59:37.000Z,1483816419414482949,"A comeback story...

Wordle 214 3/6

â¬›â¬›â¬›â¬›â¬›
â¬›â¬›ğŸŸ¨â¬›â¬›
ğŸŸ©ğŸŸ©ğŸŸ©ğŸŸ©ğŸŸ©"
15,2022-01-19T14:59:36.000Z,1483816418407714819,"Wordle 214 3/6

ğŸŸ¨â¬›â¬›ğŸŸ©â¬›
â¬›ğŸŸ¨ğŸŸ¨ğŸŸ©â¬›
ğŸŸ©ğŸŸ©ğŸŸ©ğŸŸ©ğŸŸ©
I've still only missed one."
16,2022-01-19T14:59:36.000Z,1483816418181271552,"Wordle 214 2/6

â¬›ğŸŸ©â¬›â¬›â¬›
ğŸŸ©ğŸŸ©ğŸŸ©ğŸŸ©ğŸŸ©"
17,2022-01-19T14:59:36.000Z,1483816417761837061,"Wordle 214 5/6

â¬œğŸŸ¨â¬œâ¬œâ¬œ
ğŸŸ¨â¬œğŸŸ©ğŸŸ©â¬œ
ğŸŸ©â¬œğŸŸ©ğŸŸ©ğŸŸ©
ğŸŸ©â¬œğŸŸ©ğŸŸ©ğŸŸ©
ğŸŸ©ğŸŸ©ğŸŸ©ğŸŸ©ğŸŸ©"
18,2022-01-19T14:59:36.000Z,1483816416784568324,"Wordle 214 4/6

â¬œâ¬œâ¬œâ¬œâ¬œ
â¬œğŸŸ©â¬œğŸŸ©ğŸŸ©
â¬œğŸŸ©ğŸŸ©ğŸŸ©ğŸŸ©
ğŸŸ©ğŸŸ©ğŸŸ©ğŸŸ©ğŸŸ©"
19,2022-01-19T14:59:36.000Z,1483816416058830850,"A happy fluke. Heh heh. Wordle 214 2/6

ğŸŸ¨â¬œğŸŸ©â¬œâ¬œ
ğŸŸ©ğŸŸ©ğŸŸ©ğŸŸ©ğŸŸ©"
20,2022-01-19T14:59:36.000Z,1483816415748571144,"Noice!

Wordle 214 3/6

â¬›ğŸŸ©â¬›ğŸŸ¨â¬›
â¬›â¬›ğŸŸ©ğŸŸ©â¬›
ğŸŸ©ğŸŸ©ğŸŸ©ğŸŸ©ğŸŸ©"
21,2022-01-19T14:59:35.000Z,1483816414712451074,"Wordle 214 5/6

ğŸŸ¨â¬›â¬›â¬›â¬›
ğŸŸ¨ğŸŸ¨ğŸŸ¨â¬›ğŸŸ¨
ğŸŸ¨ğŸŸ©ğŸŸ¨ğŸŸ¨â¬›
ğŸŸ©ğŸŸ©ğŸŸ¨ğŸŸ¨ğŸŸ¨
ğŸŸ©ğŸŸ©ğŸŸ©ğŸŸ©ğŸŸ©"
22,2022-01-19T14:59:35.000Z,1483816411566854149,"Wordle 214 4/6

â¬œğŸŸ¨â¬œâ¬œâ¬œ
ğŸŸ¨â¬œğŸŸ¨â¬œâ¬œ
ğŸŸ©ğŸŸ¨â¬œğŸŸ¨ğŸŸ©
ğŸŸ©ğŸŸ©ğŸŸ©ğŸŸ©ğŸŸ©"
23,2022-01-19T14:59:35.000Z,1483816411101290496,"Wordle 214 2/6

ğŸŸ©ğŸŸ©â¬œâ¬œâ¬œ
ğŸŸ©ğŸŸ©ğŸŸ©ğŸŸ©ğŸŸ©"
24,2022-01-19T14:59:35.000Z,1483816411076218882,"Wordle 214 5/6

â¬›ğŸŸ©â¬›â¬›â¬›
â¬›ğŸŸ©â¬›â¬›â¬›
â¬›ğŸŸ©â¬›â¬›ğŸŸ¨
ğŸŸ©ğŸŸ©ğŸŸ¨â¬›â¬›
ğŸŸ©ğŸŸ©ğŸŸ©ğŸŸ©ğŸŸ©"
25,2022-01-19T14:59:34.000Z,1483816410329530374,"Wordle 214 3/6

ğŸŸ¨â¬›ğŸŸ©â¬›â¬›
â¬›â¬›ğŸŸ©â¬›ğŸŸ©
ğŸŸ©ğŸŸ©ğŸŸ©ğŸŸ©ğŸŸ©"
26,2022-01-19T14:59:34.000Z,1483816409432006657,"Its all a function of that first guess...

Wordle 214 3/6

â¬›â¬›â¬›â¬›â¬›
ğŸŸ©ğŸŸ©â¬›ğŸŸ©â¬›
ğŸŸ©ğŸŸ©ğŸŸ©ğŸŸ©ğŸŸ©"
27,2022-01-19T14:59:33.000Z,1483816406705651719,"That took way too long and I am embarrassed but hey at least I GOT it today &gt;_&gt;

Wordle 214 5/6

â¬›ğŸŸ©â¬›â¬›â¬›
â¬›ğŸŸ©ğŸŸ¨â¬›â¬›
â¬›ğŸŸ©â¬›â¬›ğŸŸ©
ğŸŸ©ğŸŸ©â¬›ğŸŸ¨ğŸŸ©
ğŸŸ©ğŸŸ©ğŸŸ©ğŸŸ©ğŸŸ©"
28,2022-01-19T14:59:33.000Z,1483816405585833986,"Wordle 214 3/6

ğŸŸ¨â¬œâ¬œâ¬œâ¬œ
ğŸŸ©â¬œğŸŸ¨ğŸŸ¨â¬œ
ğŸŸ©ğŸŸ©ğŸŸ©ğŸŸ©ğŸŸ©

Ha, genius or beginnerâ€™s luck?"
29,2022-01-19T14:59:33.000Z,1483816405401284609,"Pure luck 
Wordle 214 3/6

â¬›â¬›â¬›ğŸŸ¨â¬›
â¬›â¬›â¬›â¬›ğŸŸ©
ğŸŸ©ğŸŸ©ğŸŸ©ğŸŸ©ğŸŸ©"
30,2022-01-19T14:59:33.000Z,1483816404717613061,"Wordle 214 2/6

ğŸŸ©â¬›ğŸŸ¨ğŸŸ¨â¬›
ğŸŸ©ğŸŸ©ğŸŸ©ğŸŸ©ğŸŸ©"
31,2022-01-19T14:59:33.000Z,1483816404491120640,"Wordle 214 4/6

â¬œâ¬œâ¬œğŸŸ¨â¬œ
ğŸŸ©ğŸŸ¨ğŸŸ¨â¬œâ¬œ
ğŸŸ©â¬œğŸŸ©ğŸŸ©â¬œ
ğŸŸ©ğŸŸ©ğŸŸ©ğŸŸ©ğŸŸ©"
32,2022-01-19T14:59:33.000Z,1483816404436590593,"Wordle 214 4/6

â¬›â¬›â¬›â¬›â¬›
â¬›â¬›â¬›â¬›â¬›
ğŸŸ©â¬›ğŸŸ¨ğŸŸ¨â¬›
ğŸŸ©ğŸŸ©ğŸŸ©ğŸŸ©ğŸŸ©

This was very stressful ğŸ˜‚"
33,2022-01-19T14:59:33.000Z,1483816404398878721,"Wordle 214 4/6

â¬›ğŸŸ©ğŸŸ¨â¬›â¬›
ğŸŸ¨ğŸŸ©â¬›â¬›â¬›
ğŸŸ¨ğŸŸ©ğŸŸ¨ğŸŸ¨â¬›
ğŸŸ©ğŸŸ©ğŸŸ©ğŸŸ©ğŸŸ©"
34,2022-01-19T14:59:33.000Z,1483816404273045512,"@mattcrotts Wordle 214 4/6

â¬œâ¬œğŸŸ©â¬œâ¬œ
â¬œâ¬œğŸŸ¨ğŸŸ¨â¬œ
â¬œğŸŸ©ğŸŸ©â¬œğŸŸ©
ğŸŸ©ğŸŸ©ğŸŸ©ğŸŸ©ğŸŸ©"
35,2022-01-19T14:59:33.000Z,1483816403450880008,"Wordle 214 4/6

â¬›â¬›â¬›â¬›â¬›
â¬›ğŸŸ¨ğŸŸ¨â¬›ğŸŸ¨
ğŸŸ©ğŸŸ©ğŸŸ¨â¬›â¬›
ğŸŸ©ğŸŸ©ğŸŸ©ğŸŸ©ğŸŸ©"
36,2022-01-19T14:59:32.000Z,1483816401706143747,"Wordle 214 3/6

ğŸŸ¨ğŸŸ¨â¬›â¬›ğŸŸ©
â¬›ğŸŸ¨â¬›ğŸŸ¨ğŸŸ©
ğŸŸ©ğŸŸ©ğŸŸ©ğŸŸ©ğŸŸ©"
37,2022-01-19T14:59:32.000Z,1483816401567629317,"RT @jakevielma: Wordle 214 4/6

ğŸŸ¨â¬œâ¬œâ¬œâ¬œ
â¬œğŸŸ¨ğŸŸ¨â¬œâ¬œ
ğŸŸ©ğŸŸ¨ğŸŸ¨ğŸŸ¨â¬œ
ğŸŸ©ğŸŸ©ğŸŸ©ğŸŸ©ğŸŸ©

Fiddlesticks"
38,2022-01-19T14:59:32.000Z,1483816401395720196,"It was a good day

Wordle 214 4/6

â¬œâ¬œğŸŸ¨ğŸŸ¨â¬œ
â¬œâ¬œğŸŸ©ğŸŸ©ğŸŸ©
â¬œğŸŸ©ğŸŸ©ğŸŸ©ğŸŸ©
ğŸŸ©ğŸŸ©ğŸŸ©ğŸŸ©ğŸŸ©"
39,2022-01-19T14:59:32.000Z,1483816399835656199,"Not something we haven't done in permutations and combinations.

Wordle 214 4/6

ğŸŸ©â¬œâ¬œğŸŸ¨â¬œ
â¬œğŸŸ¨â¬œâ¬œâ¬œ
ğŸŸ©â¬œğŸŸ©ğŸŸ©ğŸŸ©
ğŸŸ©ğŸŸ©ğŸŸ©ğŸŸ©ğŸŸ©"
40,2022-01-19T14:59:32.000Z,1483816399344603138,"Hmmmmmmm. Wordle 214 5/6

â¬›â¬›ğŸŸ¨â¬›ğŸŸ¨
â¬›ğŸŸ¨â¬›ğŸŸ©â¬›
â¬›ğŸŸ©ğŸŸ©ğŸŸ©â¬›
â¬›ğŸŸ©ğŸŸ©ğŸŸ©â¬›
ğŸŸ©ğŸŸ©ğŸŸ©ğŸŸ©ğŸŸ©"
41,2022-01-19T14:59:32.000Z,1483816398640095235,"Wordle 214 3/6

â¬›ğŸŸ¨ğŸŸ¨ğŸŸ©â¬›
â¬›ğŸŸ©â¬›ğŸŸ©ğŸŸ©
ğŸŸ©ğŸŸ©ğŸŸ©ğŸŸ©ğŸŸ©"
42,2022-01-19T14:59:31.000Z,1483816397021057025,"When is @Northernlion gonna start tweeting about wordle

Wordle 214 3/6

â¬›â¬›â¬›â¬›â¬›
â¬›â¬›ğŸŸ¨â¬›ğŸŸ©
ğŸŸ©ğŸŸ©ğŸŸ©ğŸŸ©ğŸŸ©"
43,2022-01-19T14:59:31.000Z,1483816396077285376,"RT @gilliankemmerer: Wordle 214 5/6
Thank you â¦@ikhurshudyanâ© for my wordle debut
â¬œâ¬œâ¬œâ¬œâ¬œ
â¬œâ¬œğŸŸ¨â¬œâ¬œ
â¬œğŸŸ©â¬œâ¬œğŸŸ©
ğŸŸ¨ğŸŸ©ğŸŸ¨ğŸŸ¨â¬œ
ğŸŸ©ğŸŸ©ğŸŸ©ğŸŸ©ğŸŸ©"
44,2022-01-19T14:59:31.000Z,1483816394684784643,"Wordle 214 5/6

â¬œâ¬œğŸŸ¨â¬œâ¬œ
â¬œâ¬œğŸŸ¨â¬œğŸŸ¨
ğŸŸ¨ğŸŸ©â¬œâ¬œâ¬œ
ğŸŸ©ğŸŸ©ğŸŸ¨â¬œâ¬œ
ğŸŸ©ğŸŸ©ğŸŸ©ğŸŸ©ğŸŸ©"
45,2022-01-19T14:59:31.000Z,1483816394403815424,"Wordle 214 4/6

â¬œâ¬œğŸŸ©â¬œâ¬œ
â¬œğŸŸ¨ğŸŸ©ğŸŸ¨â¬œ
ğŸŸ©â¬œâ¬œğŸŸ©ğŸŸ©
ğŸŸ©ğŸŸ©ğŸŸ©ğŸŸ©ğŸŸ©"
46,2022-01-19T14:59:31.000Z,1483816394261254148,"wahoo

Wordle 214 3/6

â¬›â¬›â¬›ğŸŸ©â¬›
ğŸŸ©â¬›ğŸŸ©ğŸŸ©ğŸŸ©
ğŸŸ©ğŸŸ©ğŸŸ©ğŸŸ©ğŸŸ©"
47,2022-01-19T14:59:30.000Z,1483816394038956038,"Wordle 214 2/6 ğŸ‘‡

ğŸŸ¨ğŸŸ©â¬œâ¬œâ¬œ
ğŸŸ©ğŸŸ©ğŸŸ©ğŸŸ©ğŸŸ©"
48,2022-01-19T14:59:30.000Z,1483816393619513350,"@Kszysztofix Wordle 214 2/6 point

ğŸŸ©ğŸŸ©â¬œâ¬œâ¬œ
ğŸŸ©ğŸŸ©ğŸŸ©ğŸŸ©ğŸŸ©

Hehe UwU"
49,2022-01-19T14:59:30.000Z,1483816393208434689,"5 day streak

Wordle 214 5/6

â¬›â¬›â¬›ğŸŸ¨ğŸŸ¨
â¬›ğŸŸ©ğŸŸ©â¬›â¬›
â¬›ğŸŸ©ğŸŸ©â¬›â¬›
â¬›ğŸŸ©ğŸŸ©ğŸŸ©â¬›
ğŸŸ©ğŸŸ©ğŸŸ©ğŸŸ©ğŸŸ©"
50,2022-01-19T14:59:30.000Z,1483816391069347841,"@TheLincoln Wordle 214 4/6

â¬œğŸŸ©â¬œâ¬œâ¬œ
â¬œğŸŸ©â¬œâ¬œâ¬œ
â¬œğŸŸ©â¬œâ¬œğŸŸ©
ğŸŸ©ğŸŸ©ğŸŸ©ğŸŸ©ğŸŸ©"
51,2022-01-19T14:59:30.000Z,1483816390171758594,"Wordle 214 2/6

â¬œâ¬œğŸŸ¨â¬œğŸŸ©
ğŸŸ©ğŸŸ©ğŸŸ©ğŸŸ©ğŸŸ©"
52,2022-01-19T14:59:29.000Z,1483816388422684674,"Wordle 214 3/6

â¬›ğŸŸ©â¬›ğŸŸ¨â¬›
ğŸŸ¨ğŸŸ©ğŸŸ©â¬›â¬›
ğŸŸ©ğŸŸ©ğŸŸ©ğŸŸ©ğŸŸ©
I'm back"
53,2022-01-19T14:59:29.000Z,1483816387776856067,"Wordle 214 4/6

ğŸŸ¨ğŸŸ©ğŸŸ¨â¬›â¬›
â¬›â¬›â¬›â¬›ğŸŸ©
ğŸŸ¨ğŸŸ¨â¬›ğŸŸ¨ğŸŸ©
ğŸŸ©ğŸŸ©ğŸŸ©ğŸŸ©ğŸŸ©"
54,2022-01-19T14:59:29.000Z,1483816387328028678,"Wordle (ES) #13 3/6

â¬œğŸŸ¨ğŸŸ¨ğŸŸ¨â¬œ
â¬œğŸŸ©ğŸŸ¨ğŸŸ¨ğŸŸ¨
ğŸŸ©ğŸŸ©ğŸŸ©ğŸŸ©ğŸŸ©"
55,2022-01-19T14:59:28.000Z,1483816384941461512,"Read about someone else's starting word (and rationale), and so tried that instead today.

Wordle 214 3/6

â¬œâ¬œğŸŸ©â¬œâ¬œ
ğŸŸ©ğŸŸ©â¬œğŸŸ¨â¬œ
ğŸŸ©ğŸŸ©ğŸŸ©ğŸŸ©ğŸŸ©"
56,2022-01-19T14:59:28.000Z,1483816384312324096,"Wordle 214 4/6

â¬œâ¬œğŸŸ©â¬œâ¬œ
â¬œğŸŸ©â¬œğŸŸ¨â¬œ
â¬œğŸŸ©ğŸŸ©â¬œğŸŸ©
ğŸŸ©ğŸŸ©ğŸŸ©ğŸŸ©ğŸŸ©"
57,2022-01-19T14:59:27.000Z,1483816381254492166,"Wordle 214 5/6

â¬œâ¬œâ¬œâ¬œâ¬œ
â¬œğŸŸ¨ğŸŸ¨â¬œâ¬œ
â¬œğŸŸ¨ğŸŸ¨â¬œâ¬œ
ğŸŸ©ğŸŸ©ğŸŸ¨ğŸŸ¨ğŸŸ¨
ğŸŸ©ğŸŸ©ğŸŸ©ğŸŸ©ğŸŸ©

weird word

https://t.co/XFMoK8Omtg"
58,2022-01-19T14:59:27.000Z,1483816380684247042,"Wordle 214 6/6

â¬œâ¬œğŸŸ©ğŸŸ¨â¬œ
ğŸŸ¨â¬œğŸŸ©â¬œâ¬œ
â¬œâ¬œğŸŸ©â¬œâ¬œ
â¬œâ¬œğŸŸ©â¬œâ¬œ
â¬œğŸŸ©â¬œğŸŸ©â¬œ
ğŸŸ©ğŸŸ©ğŸŸ©ğŸŸ©ğŸŸ©"
59,2022-01-19T14:59:27.000Z,1483816380382076928,"Wordle 214 5/6

â¬›â¬›â¬›â¬›ğŸŸ©
â¬›ğŸŸ©â¬›â¬›ğŸŸ©
â¬›ğŸŸ©â¬›ğŸŸ¨ğŸŸ©
â¬›ğŸŸ©ğŸŸ©ğŸŸ©ğŸŸ©
ğŸŸ©ğŸŸ©ğŸŸ©ğŸŸ©ğŸŸ©"
60,2022-01-19T14:59:27.000Z,1483816378779901954,"Wordle 214 3/6

â¬œâ¬œğŸŸ©â¬œâ¬œ
â¬œğŸŸ¨â¬œğŸŸ¨â¬œ
ğŸŸ©ğŸŸ©ğŸŸ©ğŸŸ©ğŸŸ©

Fear me"
61,2022-01-19T14:59:27.000Z,1483816378125664268,"Apparently listening to @EncantoMovie music helps me figure out the Wordle of the day! 
Wordle 214 3/6

â¬œâ¬œğŸŸ¨â¬œâ¬œ
ğŸŸ¨â¬œğŸŸ©â¬œâ¬œ
ğŸŸ©ğŸŸ©ğŸŸ©ğŸŸ©ğŸŸ©"
62,2022-01-19T14:59:26.000Z,1483816376817094663,"@jonbecker_ Doubt Iâ€™ll ever do this againâ€¦

Wordle 214 2/6*

â¬›â¬›ğŸŸ©â¬›â¬›
ğŸŸ©ğŸŸ©ğŸŸ©ğŸŸ©ğŸŸ©"
63,2022-01-19T14:59:26.000Z,1483816375902736384,"Wordle 214 2/6

ğŸŸ©ğŸŸ©â¬›ğŸŸ©â¬›
ğŸŸ©ğŸŸ©ğŸŸ©ğŸŸ©ğŸŸ©"
64,2022-01-19T14:59:26.000Z,1483816374870892546,"Nailed it!

Wordle 214 3/6

â¬›â¬›ğŸŸ©â¬›â¬›
â¬›ğŸŸ©ğŸŸ©â¬›ğŸŸ©
ğŸŸ©ğŸŸ©ğŸŸ©ğŸŸ©ğŸŸ©"
65,2022-01-19T14:59:26.000Z,1483816374610894851,"Wordle Cymraeg 8 - 4/6

ğŸŸ§ğŸŸ¦â¬œâ¬œâ¬œ
ğŸŸ§â¬œâ¬œğŸŸ§â¬œ
ğŸŸ§ğŸŸ§â¬œğŸŸ§ğŸŸ¦
ğŸŸ§ğŸŸ§ğŸŸ§ğŸŸ§ğŸŸ§
https://t.co/eaAW9gv1qp"
66,2022-01-19T14:59:26.000Z,1483816374279589889,"Wordle 214 3/6

Light Work
ğŸŸ©ğŸŸ¨â¬›ğŸŸ©ğŸŸ¨
ğŸŸ©â¬›ğŸŸ¨ğŸŸ©â¬›
ğŸŸ©ğŸŸ©ğŸŸ©ğŸŸ©ğŸŸ©"
67,2022-01-19T14:59:26.000Z,1483816374052999173,"Wordle (ES) #13 4/6

ğŸŸ©â¬œâ¬œğŸŸ¨â¬œ
ğŸŸ©ğŸŸ©â¬œâ¬œğŸŸ¨
ğŸŸ©ğŸŸ©ğŸŸ©ğŸŸ©â¬œ
ğŸŸ©ğŸŸ©ğŸŸ©ğŸŸ©ğŸŸ©

https://t.co/BWCDpSIaJL"
68,2022-01-19T14:59:26.000Z,1483816373377646600,"Wordle 214 5/6

â¬œğŸŸ©â¬œâ¬œâ¬œ
â¬œğŸŸ©â¬œâ¬œâ¬œ
ğŸŸ©ğŸŸ©â¬œâ¬œâ¬œ
ğŸŸ©ğŸŸ©â¬œâ¬œâ¬œ
ğŸŸ©ğŸŸ©ğŸŸ©ğŸŸ©ğŸŸ©
I feel like I'm dying"
69,2022-01-19T14:59:26.000Z,1483816373369204739,"Wordle 214 6/6

â¬›â¬›ğŸŸ©â¬›â¬›
â¬›â¬›ğŸŸ©ğŸŸ¨ğŸŸ¨
â¬›â¬›ğŸŸ©ğŸŸ©ğŸŸ¨
â¬›ğŸŸ©ğŸŸ©ğŸŸ©â¬›
â¬›ğŸŸ©ğŸŸ©ğŸŸ©ğŸŸ©
ğŸŸ©ğŸŸ©ğŸŸ©ğŸŸ©ğŸŸ©

ğŸ˜…"
70,2022-01-19T14:59:25.000Z,1483816371729301504,"Wordle 214 4/6

â¬›â¬›â¬›ğŸŸ¨ğŸŸ¨
â¬›ğŸŸ¨ğŸŸ©ğŸŸ¨â¬›
ğŸŸ©â¬›ğŸŸ©ğŸŸ¨ğŸŸ¨
ğŸŸ©ğŸŸ©ğŸŸ©ğŸŸ©ğŸŸ©"
71,2022-01-19T14:59:25.000Z,1483816371347673090,"Wordle 214 5/6

â¬œâ¬œğŸŸ¨ğŸŸ¨â¬œ
â¬œâ¬œğŸŸ©â¬œâ¬œ
ğŸŸ¨â¬œğŸŸ©ğŸŸ©â¬œ
â¬œâ¬œğŸŸ©ğŸŸ©ğŸŸ©
ğŸŸ©ğŸŸ©ğŸŸ©ğŸŸ©ğŸŸ©"
72,2022-01-19T14:59:24.000Z,1483816367979696134,"Wordle 214 2/6

ğŸŸ©â¬œğŸŸ¨ğŸŸ¨ğŸŸ¨
ğŸŸ©ğŸŸ©ğŸŸ©ğŸŸ©ğŸŸ©

ğŸ’¥ ğŸ¤¯"
73,2022-01-19T14:59:23.000Z,1483816364364251140,"Wordle 214 3/6

ğŸŸ¨â¬œğŸŸ©â¬œâ¬œ
ğŸŸ©ğŸŸ©ğŸŸ©â¬œâ¬œ
ğŸŸ©ğŸŸ©ğŸŸ©ğŸŸ©ğŸŸ© https://t.co/o2DNQBXNA0"
74,2022-01-19T14:59:23.000Z,1483816364284465152,"Wordle (ES) #13 3/6

ğŸŸ¨â¬œâ¬œâ¬œğŸŸ©
â¬œğŸŸ©â¬œğŸŸ©ğŸŸ©
ğŸŸ©ğŸŸ©ğŸŸ©ğŸŸ©ğŸŸ©

Naisuuuuuu"
75,2022-01-19T14:59:23.000Z,1483816363399557124,"I hope from now on our 5 letter English vocab is gonna be solid AF

Wordle 214 4/6

â¬œâ¬œğŸŸ©â¬œâ¬œ
â¬œğŸŸ¨ğŸŸ©â¬œâ¬œ
ğŸŸ¨â¬œğŸŸ©ğŸŸ¨â¬œ
ğŸŸ©ğŸŸ©ğŸŸ©ğŸŸ©ğŸŸ©"
76,2022-01-19T14:59:23.000Z,1483816361818304514,"Wordle 214 4/6

â¬›â¬›â¬›â¬›â¬›
â¬›â¬›ğŸŸ¨â¬›â¬›
â¬›ğŸŸ©ğŸŸ©ğŸŸ©ğŸŸ©
ğŸŸ©ğŸŸ©ğŸŸ©ğŸŸ©ğŸŸ©"
77,2022-01-19T14:59:23.000Z,1483816360954118144,"Wordle 214 2/6

ğŸŸ©â¬›ğŸŸ©â¬›â¬›
ğŸŸ©ğŸŸ©ğŸŸ©ğŸŸ©ğŸŸ©"
78,2022-01-19T14:59:23.000Z,1483816360912334851,"#WordleCAT 19 4/6

ğŸŸ¨â¬œâ¬œğŸŸ©ğŸŸ©
ğŸŸ¨â¬œâ¬œğŸŸ©ğŸŸ©
â¬œğŸŸ¨â¬œğŸŸ¨â¬œ
ğŸŸ©ğŸŸ©ğŸŸ©ğŸŸ©ğŸŸ©

Juga-hi!
https://t.co/NiTIugf3Vo"
79,2022-01-19T14:59:22.000Z,1483816360316706823,"Wordle 214 3/6

Dumb move on row 2 ğŸ¤¦ğŸ¼â€â™€ï¸

â¬œâ¬œğŸŸ©â¬œâ¬œ
â¬œğŸŸ¨â¬œâ¬œâ¬œ
ğŸŸ©ğŸŸ©ğŸŸ©ğŸŸ©ğŸŸ©"
80,2022-01-19T14:59:22.000Z,1483816360165748736,"@adamlevitan Wordle 214 2/6

â¬›ğŸŸ©â¬›â¬›â¬›
ğŸŸ©ğŸŸ©ğŸŸ©ğŸŸ©ğŸŸ©

ğŸ‘‘ shit"
81,2022-01-19T14:59:22.000Z,1483816358886490115,"Is this beginners luck? Wordle 214 3/6

â¬œâ¬œâ¬œâ¬œâ¬œ
â¬œğŸŸ¨ğŸŸ©ğŸŸ¨â¬œ
ğŸŸ©ğŸŸ©ğŸŸ©ğŸŸ©ğŸŸ©"
82,2022-01-19T14:59:22.000Z,1483816358311718917,"Wordle 214 3/6

â¬›ğŸŸ¨â¬›ğŸŸ¨â¬›
ğŸŸ¨â¬›ğŸŸ©â¬›â¬›
ğŸŸ©ğŸŸ©ğŸŸ©ğŸŸ©ğŸŸ©"
83,2022-01-19T14:59:22.000Z,1483816358085382153,"Yes! Bring on the @nyt puzzles next! Todayâ€™s shaping up nicely.  Wordle 214 3/6

â¬›ğŸŸ¨â¬›â¬›â¬›
â¬›ğŸŸ©â¬›ğŸŸ¨â¬›
ğŸŸ©ğŸŸ©ğŸŸ©ğŸŸ©ğŸŸ© #Wordle214"
84,2022-01-19T14:59:22.000Z,1483816357229740032,"Wordle 214 3/6

â¬›â¬›ğŸŸ©â¬›â¬›
â¬›ğŸŸ¨ğŸŸ¨â¬›ğŸŸ©
ğŸŸ©ğŸŸ©ğŸŸ©ğŸŸ©ğŸŸ©"
85,2022-01-19T14:59:22.000Z,1483816356684316672,"Wordle 214 4/6

â¬›ğŸŸ¨â¬›â¬›â¬›
â¬›â¬›ğŸŸ¨â¬›ğŸŸ©
ğŸŸ©ğŸŸ¨â¬›ğŸŸ¨ğŸŸ©
ğŸŸ©ğŸŸ©ğŸŸ©ğŸŸ©ğŸŸ©"
86,2022-01-19T14:59:22.000Z,1483816356529139712,"Wordle 214 4/6

â¬›â¬›â¬›â¬›â¬›
â¬›ğŸŸ©ğŸŸ©â¬›ğŸŸ©
â¬›ğŸŸ©ğŸŸ©ğŸŸ©ğŸŸ©
ğŸŸ©ğŸŸ©ğŸŸ©ğŸŸ©ğŸŸ©"
87,2022-01-19T14:59:21.000Z,1483816356021772304,"Wordle 214 3/6

â¬›â¬›â¬›ğŸŸ¨â¬›
ğŸŸ©ğŸŸ©â¬›ğŸŸ©â¬›
ğŸŸ©ğŸŸ©ğŸŸ©ğŸŸ©ğŸŸ©"
88,2022-01-19T14:59:21.000Z,1483816354809630723,"Wordle 214 3/6

â¬œâ¬œğŸŸ©â¬œâ¬œ
ğŸŸ¨â¬œğŸŸ©ğŸŸ¨â¬œ
ğŸŸ©ğŸŸ©ğŸŸ©ğŸŸ©ğŸŸ©"
89,2022-01-19T14:59:21.000Z,1483816354016804864,"@Klein94005146 @yoavzack @ThatMumboJumbo Wordle 214 3/6*

â¬œâ¬œâ¬œâ¬œâ¬œ
ğŸŸ©ğŸŸ¨ğŸŸ¨â¬œâ¬œ
ğŸŸ©ğŸŸ©ğŸŸ©ğŸŸ©ğŸŸ©"
90,2022-01-19T14:59:21.000Z,1483816353911955458,"RT @SantoroMartina: @CosaNona Wordle 214 4/6

â¬œâ¬œğŸŸ©â¬œâ¬œ
â¬œâ¬œğŸŸ©â¬œğŸŸ©
â¬œğŸŸ©ğŸŸ©ğŸŸ©ğŸŸ©
ğŸŸ©ğŸŸ©ğŸŸ©ğŸŸ©ğŸŸ©"
91,2022-01-19T14:59:21.000Z,1483816353043828744,"Wordle 214 3/6

My highest score ever! ğŸ˜€

ğŸŸ¨â¬œâ¬œâ¬œâ¬œ
â¬œğŸŸ©â¬œğŸŸ©ğŸŸ©
ğŸŸ©ğŸŸ©ğŸŸ©ğŸŸ©ğŸŸ©"
92,2022-01-19T14:59:21.000Z,1483816352884400129,"i have refrained from wordleposting but this was truly wild /
Wordle 214 3/6

â¬›â¬›â¬›â¬›â¬›
â¬›â¬›ğŸŸ¨â¬›â¬›
ğŸŸ©ğŸŸ©ğŸŸ©ğŸŸ©ğŸŸ©"
93,2022-01-19T14:59:21.000Z,1483816352427225088,"Wordle 214 4/6

ğŸŸ¨ğŸŸ¨â¬›â¬›â¬›
â¬›ğŸŸ¨ğŸŸ©ğŸŸ©â¬›
ğŸŸ©â¬›ğŸŸ©ğŸŸ©ğŸŸ©
ğŸŸ©ğŸŸ©ğŸŸ©ğŸŸ©ğŸŸ©"
94,2022-01-19T14:59:21.000Z,1483816352309776388,"Wordle 214 4/6

â¬›ğŸŸ¨ğŸŸ¨â¬›â¬›
ğŸŸ¨â¬›ğŸŸ¨â¬›ğŸŸ¨
ğŸŸ¨ğŸŸ©ğŸŸ¨ğŸŸ¨â¬›
ğŸŸ©ğŸŸ©ğŸŸ©ğŸŸ©ğŸŸ©"
95,2022-01-19T14:59:20.000Z,1483816351508668421,"Sometimes, you just choose the wrong one: Wordle 214 5/6

â¬œğŸŸ¨â¬œğŸŸ©â¬œ
â¬œâ¬œâ¬œğŸŸ©ğŸŸ©
â¬œâ¬œğŸŸ©ğŸŸ©ğŸŸ©
â¬œğŸŸ©ğŸŸ©ğŸŸ©ğŸŸ©
ğŸŸ©ğŸŸ©ğŸŸ©ğŸŸ©ğŸŸ©"
96,2022-01-19T14:59:20.000Z,1483816350808162310,"Wordle (ES) #13 4/6

â¬œğŸŸ©ğŸŸ©â¬œğŸŸ¨
ğŸŸ©ğŸŸ©ğŸŸ©ğŸŸ©â¬œ
ğŸŸ©ğŸŸ©ğŸŸ©ğŸŸ©â¬œ
ğŸŸ©ğŸŸ©ğŸŸ©ğŸŸ©ğŸŸ©

Casi"
97,2022-01-19T14:59:20.000Z,1483816350787145730,"Wordle 214 3/6

â¬›ğŸŸ¨ğŸŸ¨â¬›â¬›
ğŸŸ©â¬›ğŸŸ©ğŸŸ©ğŸŸ©
ğŸŸ©ğŸŸ©ğŸŸ©ğŸŸ©ğŸŸ©

First three!"
98,2022-01-19T14:59:20.000Z,1483816349721710596,"Genial lo de hoy ğŸ˜
Wordle (ES) #13 2/6

â¬œğŸŸ¨ğŸŸ©â¬œâ¬œ
ğŸŸ©ğŸŸ©ğŸŸ©ğŸŸ©ğŸŸ©

https://t.co/ir2FIwIbtT"
99,2022-01-19T14:59:20.000Z,1483816349394780166,"Wordle 214 4/6

â¬›â¬›ğŸŸ©â¬›ğŸŸ©
â¬›â¬›ğŸŸ©ğŸŸ©ğŸŸ©
ğŸŸ©â¬›ğŸŸ©ğŸŸ©ğŸŸ©
ğŸŸ©ğŸŸ©ğŸŸ©ğŸŸ©ğŸŸ©"
